Question,Answer
What core service categories does Digital Joe offer?,"Digital Joe offers three core service categories: 01 Tutoring, 02 Smart Dashboards, and 03 Tailored AI Tools."
What is Timur Rahman's professional background and experience?,"Timur Rahman, also known as Joe, has over 20 years of experience in teaching, coaching, and solving data challenges. He led a Computer Science department to rank in the top 20% nationally and has coached professionals in Data Science and AI since 2021."
How much does 1-to-1 GCSE Computer Science Mentoring cost?,1-to-1 GCSE Computer Science Mentoring is priced at £50 per hour.
What is the hourly rate for 1-to-1 Data & AI Mentoring?,The hourly rate for 1-to-1 Data & AI Mentoring is £75 per hour.
"What are the costs for group training on AI, AI Leadership, or Data?","Group training on AI, AI Leadership, or Data costs £400 per half day and £750 per day."
What is the price for a Power BI Dashboard Starter package?,"A Power BI Dashboard Starter package costs £2,000 and includes up to 5 data sources/spreadsheets and 5 custom dashboard pages. Note: API integration and hosting fees are billed separately."
How is the pricing determined for an advanced Power BI Dashboard package?,"An advanced Power BI Dashboard package starts from £3,500+ and is tailored for 5+ data sources or complex dashboard requirements, with a custom quote provided. Note: API integration and hosting fees are billed separately."
What is the setup fee for an AI Automation Workspace?,The one-off setup fee for an AI Automation Workspace is £150.
How much does AI Automation Workspace Training cost per person?,AI Automation Workspace Training costs £40 per person for a half day and £75 per person for a full day.
What is included in the £950 Custom AI Knowledge Assistant starter build?,"The £950 Custom AI Knowledge Assistant starter build supports up to 25 pages/single domain (e.g., FAQs, basic policy bot) and includes 1 month of free support. Note: API integration and hosting fees are billed separately."
What features are part of the £2450 Professional Custom AI Knowledge Assistant build?,"The £2450 Professional Custom AI Knowledge Assistant build supports up to 200 pages, multi-document ingestion, CRM or booking integration, and includes 3 months of free support. Note: API integration and hosting fees are billed separately."
How is the pricing determined for Agentic AI solutions?,"Pricing for Agentic AI solutions is tailored based on system complexity and data integration needs, and includes 1 month of free support. Additional support is £75 per hour, and API integration and hosting fees are billed separately."
Can you explain what Power BI is?,Power BI is a visual tool that connects to your data and turns rows of numbers into easy-to-read charts.
What is Machine Learning and how does it benefit businesses?,"Machine Learning is software that learns patterns from past business data to predict future trends and turn messy data into readable charts, helping businesses save money, automate decisions, and boost their return on investment (ROI)."
How does Digital Joe define Artificial Intelligence and its applications?,"Digital Joe defines Artificial Intelligence as tools that, by grounding them in internal documents and notes, can provide instant answers to a team's questions and automate daily tasks, including writing emails and summarising key documents to save valuable time."
Does Digital Joe offer a free consultation?,"Yes, Digital Joe offers a free 1-hour consultation to discuss your tutoring, data, or AI needs."
What is the official name of the company operating Digital Joe?,Digital Joe is operated by Timur Rahman trading as Digital Joe.
Where is Digital Joe's registered office located?,"Digital Joe's registered office is located at First Floor, Swan Buildings, 20 Swan Street, Manchester, M4 5JW."
Who is the Data Controller for Digital Joe under UK GDPR?,"Timur (Joe) Rahman, trading as Digital Joe, is the Data Controller for the purposes of the UK General Data Protection Regulation (UK GDPR) and the Data Protection Act 2018."
What kind of results did Katherine Parker achieve with Digital Joe's Power BI services?,"Katherine Parker, Executive Director of Secondary Education, reported that Digital Joe transformed complex, disjointed spreadsheets across multiple schools into a streamlined Power BI relational database with highly clear, actionable dashboards, resulting in immediate time savings and invaluable data clarity for Ofsted visits."
What is Digital Joe's primary mission or goal?,"Digital Joe aims to help businesses and learners understand their numbers and automate routine tasks without confusing tech speak, ultimately helping people succeed, save time, and build confidence in AI, Data, and Computer Science."
How does Digital Joe help clients achieve their goals?,"Digital Joe helps by demystifying technology, building tailored solutions, and coaching clients every step of the way."
What specific programming languages or tools are covered in 1-to-1 Data & AI Mentoring?,"1-to-1 Data & AI Mentoring provides personalised coaching in Data Analytics, Power BI, Python, or AI fundamentals."
What is the pricing model for Digital Joe's Associate Trainer service?,"The pricing for Digital Joe's Associate Trainer service, which involves training cohorts in AI, Data, or Computer Science, is negotiated per half day or day."
"What are the limitations or scope of the £2,000 Power BI Dashboard Starter package?","The £2,000 Power BI Dashboard Starter package includes up to 5 data sources/spreadsheets and 5 custom dashboard pages."
"What defines an advanced Power BI Dashboard package, and how is its pricing determined?","An advanced Power BI Dashboard package is tailored for requirements involving 5+ data sources or complex dashboard needs, with pricing starting at £3,500+ and a custom quote provided."
Are there any additional costs to consider for Power BI Dashboard builds beyond the package price?,"Yes, API integration and hosting fees for Power BI Dashboard builds are billed separately from the package price."
What is involved in the AI Automation Workspace Setup service?,The AI Automation Workspace Setup service involves pre-configuring prompt libraries and AI tool workflows specifically tailored to a business's needs.
What is the objective of the AI Automation Workspace Training?,The objective of the AI Automation Workspace Training is to provide interactive half-day or full-day team training on how to effectively use the newly set up AI automation workspace.
What is the core function of a Custom AI Knowledge Assistant?,"A Custom AI Knowledge Assistant is a bespoke AI chatbot grounded on an organisation's internal files and documentation, designed to deliver instant, accurate, and secure answers across its systems."
How much free support is included with the £950 Custom AI Knowledge Assistant starter build?,The £950 Custom AI Knowledge Assistant starter build includes 1 month of free support.
How much free support is included with the £2450 Professional Custom AI Knowledge Assistant build?,The £2450 Professional Custom AI Knowledge Assistant build includes 3 months of free support.
What is the cost for additional support for Custom AI Knowledge Assistants or Agentic AI services?,Additional support for Custom AI Knowledge Assistants or Agentic AI services costs £75 per hour beyond any free support offered with the package.
What types of complex workflows can Agentic AI solutions automate?,"Agentic AI solutions are designed to execute complex, multi-step workflows such as automated document processing, data extraction, and intelligent inquiry routing."
What are Timur Rahman's key principles or values in his work?,"Timur Rahman's key principles are patience first (no ""silly questions""), practical focus (on real business results), and end-to-end experience (handling technical heavy lifting)."
What was Timur Rahman's first experience with technology that sparked his passion?,"Timur Rahman's passion for tech began at age eight, coding a simple pixel dodging game on a ZX Spectrum 48k after being inspired by the movie WarGames."
What is the effective date of Digital Joe's Privacy Policy?,The effective date of Digital Joe's Privacy Policy is 7 September 2026.
What categories of personal information does Digital Joe collect?,"Digital Joe may collect Contact Information (name, email, phone, message), Service & Project Data (info from consultations, tutoring, project scoping), and Technical Data (IP addresses, browser types, site usage analytics)."
What are the primary ways Digital Joe uses the personal information it collects?,"Digital Joe uses personal data to respond to inquiries, deliver contracted services (tutoring, data engineering, Power BI, AI consultancy), issue invoices, manage records, fulfill legal obligations, and improve website usability, services, and communication."
What was Alistair Hilton's feedback on Digital Joe's AI roadmap service for Balfours?,"Alistair Hilton, Partner at Balfours LLP, found Digital Joe quick in understanding their needs and assembling an AI roadmap of efficiencies, stating he was thankful for the service."
What is Timur Rahman commonly known as and why?,"Timur Rahman is commonly known as Joe, a nickname he has had since primary school, derived from his middle name, Yusuf. When he launched his consultancy, Digital Joe was the natural choice."
What academic qualifications does Timur Rahman hold in Computer Science?,"Timur Rahman holds an A-Level, a BSc, and an MSc in Computer Science."
What was Timur Rahman's experience turning around a school's Computer Science department?,Timur Rahman spent over two decades teaching Computer Science and successfully turned around his school's struggling department to rank in the top 20% nationally.
What is Timur Rahman's approach to teaching and coaching professionals in Data Science and AI?,"Since 2021, Timur Rahman has coached professionals by stripping away jargon to make learning interactive, practical, and hands-on, helping clients navigate AI strategy, generative and agentic AI, and data engineering."
What are the main types of solutions Digital Joe provides to clients?,"Digital Joe provides tailored solutions across three core service categories: 01 Tutoring, 02 Smart Dashboards, and 03 Tailored AI Tools."
What does Digital Joe aim to achieve for people through its services?,"Digital Joe aims to help people succeed, save time, and build confidence in AI, Data, and Computer Science by demystifying the tech, building tailored solutions, and coaching every step of the way."
What types of subjects are covered in Digital Joe's personalized and group tutoring?,"Digital Joe offers personalized and group coaching in Python, SQL, Power BI, or AI, delivered at the client's pace."
What is the purpose of Digital Joe's Associate Trainer service?,"The Associate Trainer service involves training cohorts in AI, Data, or Computer Science for independent training providers."
What is the core benefit of Smart Dashboards from Digital Joe?,"The core benefit of Smart Dashboards is turning messy spreadsheets into simple visual screens that track business metrics, enabling fast decision making."
What are the specific conditions that would lead to an advanced Power BI Dashboard package requiring a custom quote?,"An advanced Power BI Dashboard package is tailored for clients with 5 or more data sources or complex dashboard requirements, and its pricing is determined via a custom quote."
What is the main objective of the AI Automation Workspace Setup service?,The main objective of the AI Automation Workspace Setup service is pre-configuring prompt libraries and AI tool workflows specifically tailored to a business's needs.
What is the main objective of the AI Automation Workspace Training?,The main objective of the AI Automation Workspace Training is to provide interactive half-day or full-day team training on effectively using the newly set up AI automation workspace.
What is the purpose of a Custom AI Knowledge Assistant?,"A Custom AI Knowledge Assistant is a bespoke AI chatbot grounded on an organization's internal files and documentation, designed to deliver instant, accurate, and secure answers across their systems."
What is the duration of free support included with the Agentic AI solution?,The Agentic AI solution includes 1 month of free support.
What are the additional costs explicitly mentioned for Custom AI Knowledge Assistants or Agentic AI services?,"For Custom AI Knowledge Assistants and Agentic AI services, API integration and hosting fees are billed separately."
What is the legal basis for Digital Joe processing personal data under UK GDPR?,"Under UK GDPR, Digital Joe processes personal data based on Consent (when you explicitly submit a message via our contact form agreeing to be contacted), Contractual Necessity (when processing is required to deliver agreed services), and Legitimate Interests (to manage and grow our business efficiently)."
"Does Digital Joe sell, rent, or trade personal data to third parties?","No, Digital Joe explicitly states that it does not sell, rent, or trade your personal data to third parties."
How long is collected data stored by IONOS SiteAnalytics?,Data collected by IONOS SiteAnalytics is stored for a period of 8 weeks and then automatically deleted.
What are the user's rights under UK GDPR regarding their personal information with Digital Joe?,"Under UK data protection law, users have the Right of Access, Right to Rectification, Right to Erasure (""right to be forgotten""), Right to Restrict or Object to certain processing activities, and Right to Data Portability."
What is the contact email address for Digital Joe for privacy policy questions or to exercise data protection rights?,The contact email address for privacy policy questions or to exercise data protection rights is t.rahman@digitaljoe.io.
How does Digital Joe simplify complex technology for clients?,"Digital Joe helps clients by demystifying the tech, building tailored solutions, and coaching them every step of the way."
What is the specific objective of 1-to-1 GCSE Computer Science Mentoring?,The objective of 1-to-1 GCSE Computer Science Mentoring is to provide tailored lessons to help students achieve the best grade possible for GCSE Computer Science.
What is the primary focus of personalized coaching in 1-to-1 Data & AI Mentoring?,"The primary focus of 1-to-1 Data & AI Mentoring is personalized coaching in Data Analytics, Power BI, Python, or AI fundamentals."
"What formats are available for Digital Joe's group training sessions on AI, AI Leadership, or Data?","Digital Joe's group training sessions can be provided as interactive workshops or lecturing to groups, whether a class of 10 or a lecture group of 100."
How do Digital Joe's Smart Dashboards facilitate faster decision-making?,"Digital Joe's Smart Dashboards facilitate faster decision-making by turning raw spreadsheets into automated, interactive visual dashboards."
What is the process Digital Joe uses to build a Power BI Dashboard?,"Digital Joe builds Power BI Dashboards by turning raw spreadsheets into an automated, interactive visual dashboard for fast decision making."
What is the purpose of pre-configuring prompt libraries and AI tool workflows in the AI Automation Workspace Setup?,"The purpose of pre-configuring prompt libraries and AI tool workflows in the AI Automation Workspace Setup is to tailor them to specific business needs, enabling automation of tasks."
How does a Custom AI Knowledge Assistant ensure accurate and secure answers?,"A Custom AI Knowledge Assistant ensures accurate and secure answers by being a bespoke AI chatbot grounded on an organization's internal files and documentation, delivering instant, accurate, and secure answers across their systems."
What specific types of operational costs can Agentic AI solutions help businesses reduce?,"Agentic AI solutions can help businesses reduce operational costs by executing complex, multi-step workflows such as automated document processing, data extraction, and intelligent inquiry routing."
"What is Timur Rahman's ""Patience First"" principle in his teaching and coaching?","Timur Rahman's ""Patience First"" principle means that with his decades in education, he believes there are no ""silly questions."""
"How does Timur Rahman ensure a ""Practical Focus"" in his solutions?","Timur Rahman ensures a ""Practical Focus"" by concentrating on real business results, such as saving time and increasing clarity, rather than technical hype."
"What does Timur Rahman's ""End-to-End Experience"" cover in his services?","Timur Rahman's ""End-to-End Experience"" covers everything from creating training content to building data and AI solutions, handling the technical heavy lifting so clients don't have to."
What security measures does Digital Joe implement to protect personal information?,"Digital Joe implements robust administrative and technical security measures to protect personal information against unauthorized access, alteration, disclosure, or destruction."
For how long does Digital Joe generally retain collected personal data?,"Digital Joe retains personal data only for as long as necessary to fulfill the purposes for which it was collected, including satisfying any legal, accounting, or reporting requirements."
What specific data purposes does IONOS SiteAnalytics serve for Digital Joe's website?,"IONOS SiteAnalytics serves the data purposes of statistical analysis of user behaviour, measurement of website reach, and technical optimisation of the website."
What technologies does IONOS SiteAnalytics use to collect data on Digital Joe's website?,IONOS SiteAnalytics uses a tracking pixel or server-side log files to collect data and does not use cookies to store information on your device.
What company processes data for Google Maps when embedded on Digital Joe's website?,"Google Ireland Limited, located at Google Building Gordon House, 4 Barrow St, Dublin, D04 E5W5, Ireland, processes the data for Google Maps."
"Beyond improving Computer Science results, how did Joe contribute to Oulder Hill's broader digital strategy?","Beyond improving Computer Science results, Joe spearheaded whole school digital transformation at Oulder Hill, delivering clear staff training on platforms like Microsoft 365 to streamline operations."
What specific business improvements did The Sunday Therapist experience after implementing Digital Joe's chatbot?,"After implementing Digital Joe's chatbot, The Sunday Therapist experienced significantly more website traffic and increased bookings."
What made Mark Cartledge confident in writing his own Python code after sessions with Digital Joe?,"Mark Cartledge became confident in writing his own Python code because Joe taught him the basics in a way that made sense, using patient, clear, and practical examples, breaking everything down into small steps."
How does Digital Joe assist businesses and learners?,"Digital Joe helps businesses and learners by providing tailored solutions in three core service categories: 01 Tutoring (personalized and group coaching), 02 Smart Dashboards (turning spreadsheets into visual dashboards), and 03 Tailored AI Tools (custom AI assistants and automation). The goal is to demystify tech, save time, and build confidence."
What specific areas are covered in Digital Joe's 1-to-1 Data & AI Mentoring?,"Digital Joe's 1-to-1 Data & AI Mentoring offers personalized coaching in Data Analytics, Power BI, Python, or AI fundamentals, delivered at the learner's pace."
"What is the pricing structure for Digital Joe's group training sessions on AI, AI Leadership, or Data?","Group training on AI, AI Leadership, or Data is priced at £400 per half day or £750 per day, applicable for groups ranging from 10 to 100 participants."
What is the scope of the Associate Trainer service offered by Digital Joe?,"The Associate Trainer service involves Digital Joe training cohorts in AI, Data, or Computer Science for Independent Training Providers, with pricing negotiated per half day or day."
What is the core offering of Digital Joe's Smart Dashboards service?,"Digital Joe's Smart Dashboards service focuses on turning raw spreadsheets into automated, interactive visual dashboards to facilitate fast decision-making for businesses."
What are the additional costs to consider for Power BI Dashboard builds beyond the package price?,"For Power BI Dashboard builds, API integration and hosting fees are billed separately from the package price."
What is the purpose of Digital Joe's Tailored AI Tools service category?,"The Tailored AI Tools service category provides custom AI assistants trained on an organization's documents to answer questions and automate tasks, alongside AI automation workspace setup and training, and Agentic AI solutions."
What is included in the AI Automation Workspace Setup service?,"The AI Automation Workspace Setup service involves pre-configuring prompt libraries and AI tool workflows specifically tailored to a business's needs, for a one-off fee of £150."
What is a Custom AI Knowledge Assistant and what are its primary benefits?,"A Custom AI Knowledge Assistant is a bespoke AI chatbot grounded on an organization's internal files and documentation, designed to deliver instant, accurate, and secure answers across systems, saving time and improving efficiency."
What is the pricing for AI Automation Workspace Training per person?,"AI Automation Workspace Training costs £40 per person for a half day session and £75 per person for a full day session, offering interactive team training on using the new setup effectively."
What is the pricing model for Digital Joe's Agentic AI solutions?,"Agentic AI solutions have their scope and pricing tailored based on the system's complexity and data integration needs, and include 1 month of free support. Additional support is available at £75 per hour."
What are the three core principles that guide Timur Rahman's (Joe's) work at Digital Joe?,"Timur Rahman's work is guided by three core principles: ""Patience First,"" ensuring no ""silly questions"" with decades in education; ""Practical Focus,"" concentrating on real business results; and ""End-to-End Experience,"" handling technical heavy lifting from content creation to solution building."
What is Timur Rahman's educational background in Computer Science?,"Timur Rahman holds an A-Level, BSc, and MSc in Computer Science, which fueled his lifelong love for technology."
How does Digital Joe define Machine Learning in simple terms?,"Digital Joe defines Machine Learning as software that learns patterns from past business data to predict future trends, turn messy data into readable charts, help save money, automate decisions, and boost ROI."
How does Digital Joe explain Artificial Intelligence and its practical applications for businesses?,"Digital Joe explains Artificial Intelligence as tools that, when grounded in internal documents, can provide instant answers to team questions and automate daily tasks like writing emails and summarizing documents to save valuable time."
What is the retention period for data collected by IONOS SiteAnalytics on Digital Joe's website?,Data collected by IONOS SiteAnalytics is stored for a period of 8 weeks and then automatically deleted.
What specific data is collected by Google Maps when embedded on Digital Joe's website?,"When Google Maps is embedded on Digital Joe's website, it collects IP address and location information."
What was Suffian Burki's feedback on Joe's support for teaching and data analysis?,"Suffian Burki stated that Joe consistently demonstrated strong analytical skills and keen attention to detail, helping him produce high-quality work that informed student outcomes."
What was Mel Otterly O-Connor's observation about Joe's impact on Oulder Hill's Computer Science department and digital transformation?,"Mel Otterly O-Connor observed that Joe played a pivotal role in turning around Computer Science results at Oulder Hill, ranking the department in the top 20% nationally, and spearheaded whole-school digital transformation by delivering clear staff training on platforms like Microsoft 365."
What was Joanne Stephenson's experience with Digital Joe's chatbot implementation for The Sunday Therapist?,"Joanne Stephenson found that adding a chatbot to her website attracted significantly more traffic and led to increased bookings. She appreciated Joe's clear explanations, consultation throughout the process, and his consideration of both desired answers and handling unwanted queries safely and legally."
What types of clients does Digital Joe typically help?,Digital Joe helps both businesses and learners make sense of their numbers and automate routine tasks without confusing tech speak.
What is the format of 1-to-1 GCSE Computer Science Mentoring?,1-to-1 GCSE Computer Science Mentoring provides tailored lessons to help students achieve the best possible grade for GCSE Computer Science.
"What is the pricing for group training sessions on AI, AI Leadership, or Data for a full day?","Group training on AI, AI Leadership, or Data costs £750 per day."
"What are the specific limitations of the £2,000 Power BI Dashboard starter package regarding data sources and pages?","The £2,000 Power BI Dashboard starter package is limited to up to 5 data sources/spreadsheets and 5 custom dashboard pages."
What additional fees should clients be aware of for Power BI Dashboard builds?,"For Power BI Dashboard builds, API integration and hosting fees are billed separately."
"What is the duration of the AI Automation Workspace Training for a full day, and what is its cost per person?",AI Automation Workspace Training is available for a full day at £75 per person.
What is the page limit for the £950 Custom AI Knowledge Assistant starter build?,The £950 Custom AI Knowledge Assistant starter build supports up to 25 pages.
What is the page limit and integration capability of the £2450 Professional Custom AI Knowledge Assistant build?,"The £2450 Professional Custom AI Knowledge Assistant build supports up to 200 pages and includes multi-document ingestion, CRM, or booking integration."
What is the hourly rate for additional support for Custom AI Knowledge Assistants?,Additional support for Custom AI Knowledge Assistants costs £75 per hour beyond any free support included in the package.
What is the duration of free support included with the Agentic AI solution?,The Agentic AI solution includes 1 month of free support.
What was the inspiration behind Timur Rahman's early passion for technology?,"Timur Rahman's passion for tech started at age eight after being inspired by the movie WarGames, leading him to code a simple pixel dodging game on a ZX Spectrum 48k."
What role did Timur Rahman serve at Bury College?,Timur Rahman served as a governor at Bury College.
How does Power BI transform data for users?,Power BI transforms rows of numbers into easy-to-read charts by connecting to your data.
What specific actions can Artificial Intelligence automate to save time?,Artificial Intelligence can automate daily tasks such as writing emails and summarizing key documents to save valuable time.
What is the contact telephone number for Digital Joe for privacy policy inquiries?,The contact telephone number for Digital Joe for privacy policy inquiries is +44 (0) 7709 420620.
What is the website address for the Information Commissioner's Office (ICO) for lodging complaints?,The website for the Information Commissioner's Office (ICO) for lodging complaints is https://ico.org.uk.
What data is collected by IONOS SiteAnalytics regarding the user's device?,IONOS SiteAnalytics collects data on the operating system used and the device type used.
What is the legal basis for Google Maps processing data when embedded on Digital Joe's website?,"The legal basis for Google Maps processing data when embedded on Digital Joe's website is Art. 6 (1) (a) GDPR, based on user consent."
What was the specific challenge Balfours faced that Digital Joe helped address with an AI roadmap?,Balfours needed a clear 2026 AI roadmap to unite fragmented proposal options across their regional business.
What was the primary outcome for The Sunday Therapist after implementing Digital Joe's chatbot?,The primary outcome for The Sunday Therapist after implementing Digital Joe's chatbot was significantly more traffic and increased bookings.
Could you list the main service categories available from Digital Joe?,"Digital Joe provides three main service categories: 01 Tutoring, 02 Smart Dashboards, and 03 Tailored AI Tools."
"How many data sources and custom pages are included in the £2,000 Power BI Dashboard starter package?","The £2,000 Power BI Dashboard starter package includes up to 5 data sources/spreadsheets and 5 custom dashboard pages."
"What is the cost for a half-day group training session on AI, AI Leadership, or Data?","Group training on AI, AI Leadership, or Data costs £400 per half day."
What specific additional fees are billed separately for Power BI Dashboard builds?,"For Power BI Dashboard builds, API integration and hosting fees are billed separately."
What specific data is collected by IONOS SiteAnalytics?,"IONOS SiteAnalytics collects referrer (previously visited website), requested website or file, browser type and browser version, operating system used, device type used, time of access, and IP address in anonymised form (used only to determine the location of access)."
What is the legal basis for IONOS SiteAnalytics processing personal data under GDPR?,"The legal basis for IONOS SiteAnalytics processing personal data is user consent, according to Art. 6(1)(a) of the General Data Protection Regulation (GDPR)."
What is the location of processing for data collected by IONOS SiteAnalytics?,The location of processing for data collected by IONOS SiteAnalytics is Germany and the European Union.
What is the location of processing for data collected by Google Maps?,The location of processing for data collected by Google Maps is the European Union.
What technologies does Google Maps use to collect data?,Google Maps uses cookies to collect data.
What is the retention period for data collected by Google Maps?,Data collected by Google Maps will be deleted as soon as it is no longer needed for the processing purposes.
What was the brief for Katherine Parker's project with Digital Joe?,"The brief for Katherine Parker's project was that her Trust required expert database architecture to replace disjointed school spreadsheets with a streamlined, relational data system."
What was the brief for Suffian Burki's engagement with Digital Joe?,"The brief for Suffian Burki's engagement was that the Leader of Maths needed expert data training to make sharper, evidence-based decisions that improved student outcomes."
What was the brief for Mel Otterly O-Connor's project with Digital Joe at Oulder Hill?,The brief for Mel Otterly O-Connor's project was that Oulder Hill needed a leader to turn around subject performance and drive whole school digital transformation.
What was the brief for Joanne Stephenson's project with Digital Joe for The Sunday Therapist?,"The brief for Joanne Stephenson's project was that The Sunday Therapist required a safe, user-friendly chatbot to safely and legally answer client inquiries automatically."
What is the minimum number of data sources required for an advanced Power BI Dashboard package?,"An advanced Power BI Dashboard package is tailored for 5+ data sources or complex dashboard requirements, meaning a minimum of 5 data sources would typically lead to this package."
What is the cost per person for a half-day AI Automation Workspace Training?,AI Automation Workspace Training costs £40 per person for a half day.
What are the three lawful bases under UK GDPR for Digital Joe processing personal data?,"Under UK GDPR, Digital Joe processes personal data under three lawful bases: Consent (when a message is submitted via contact form), Contractual Necessity (for delivering agreed services), and Legitimate Interests (to manage and grow the business)."
"Does Digital Joe share personal data with third parties, and if so, under what conditions?","Digital Joe does not sell, rent, or trade personal data to third parties. However, data may be shared with trusted service providers necessary to operate the business (e.g., web hosting, secure email, cloud accounting tools) or if required by law or valid legal processes."
"What is Timur Rahman's middle name, which is the origin of ""Joe""?","Timur Rahman's middle name is Yusuf, which is the origin of him being known as Joe."
How does Digital Joe define Power BI in simple terms?,Digital Joe defines Power BI as a visual tool that connects to your data and turns rows of numbers into easy-to-read charts.
What is Digital Joe's overall approach to helping businesses and learners?,"Digital Joe helps businesses and learners by demystifying technology, building tailored solutions, and coaching them every step of the way, enabling them to make sense of their numbers and automate routine tasks without confusing tech speak."
What is the primary benefit Digital Joe aims to provide to clients through its services?,"Digital Joe aims to help people succeed, save time, and build confidence in AI, Data, and Computer Science."
"What is the main purpose of the ""Jargon Buster"" section on the Digital Joe website?","The ""Jargon Buster"" section on the Digital Joe website aims to explain complex technical terms like Power BI, Machine Learning, and Artificial Intelligence in simple, understandable language."
What is the official email address for general contact with Digital Joe?,The official email address for general contact with Digital Joe is t.rahman@digitaljoe.io.
"What is the purpose of the ""Information icon"" and ""Cookie icon"" banners on the Digital Joe website?","The ""Information icon"" banner is for consent to load translations, which may collect data about user activity. The ""Cookie icon"" banner is for consent to use third-party website tracking technologies for services and advertisements."
What was Timur Rahman's role as a governor at Bury College?,"Timur Rahman served as a governor at Bury College, which contributed to his experience in communicating complex ideas clearly and implementing digital tools strategically across organisations."
What is the company's commitment regarding the privacy of user data?,"Digital Joe is committed to protecting and respecting user privacy, explaining how personal information is collected, used, and safeguarded, and explicitly states that it does not sell, rent, or trade personal data to third parties."
What is the process for revoking consent for cookie usage on the Digital Joe website?,Users can revoke or change their consent for cookie usage at any time with effect for the future by accessing the Privacy Settings on the Digital Joe website.
What third-party services are explicitly mentioned for website tracking on Digital Joe's site?,The third-party services explicitly mentioned for website tracking on Digital Joe's site are IONOS SiteAnalytics and Google Maps.
"What is the maximum number of data sources and custom dashboard pages included in the £2,000 Power BI Dashboard starter package?","The £2,000 Power BI Dashboard starter package includes up to 5 data sources/spreadsheets and 5 custom dashboard pages."
"What is the cost for a full-day group training session on AI, AI Leadership, or Data?","A full-day group training session on AI, AI Leadership, or Data costs £750."
What is the pricing flexibility for Digital Joe's Associate Trainer service?,The pricing for Digital Joe's Associate Trainer service can be negotiated per half day or day.
What is the core function of the AI Automation Workspace Setup service?,The core function of the AI Automation Workspace Setup service is pre-configuring prompt libraries and AI tool workflows tailored to a business's specific needs.
What is the cost per person for a full-day AI Automation Workspace Training?,The cost per person for a full-day AI Automation Workspace Training is £75.
What is the page limit for the £950 Custom AI Knowledge Assistant starter build?,"The £950 Custom AI Knowledge Assistant starter build is limited to up to 25 pages / Single domain (e.g., FAQs, basic policy bot)."
What are the page limit and integration capabilities of the £2450 Professional Custom AI Knowledge Assistant build?,"The £2450 Professional Custom AI Knowledge Assistant build supports up to 200 pages, multi-document ingestion, and CRM or booking integration."
What programming languages or tools are covered in Digital Joe's general tutoring services?,"Digital Joe's general tutoring services cover Python, SQL, Power BI, or AI."
What are the specific benefits Agentic AI solutions offer to businesses?,"Agentic AI solutions are designed to execute complex, multi-step workflows such as automated document processing, data extraction, and intelligent inquiry routing, saving businesses time and reducing operational costs."
What is the location of processing for data collected by IONOS SiteAnalytics?,The location of processing for data collected by IONOS SiteAnalytics is Germany and the European Union.
What are the three core service categories offered by Digital Joe?,"Digital Joe offers three core service categories: 01 Tutoring (including GCSE CS Mentoring, Data & AI Mentoring, Group Training, Associate Trainer), 02 Smart Dashboards (Power BI Dashboard Build), and 03 Tailored AI Tools (including AI Automation Workspace Setup & Training, Custom AI Knowledge Assistant, Agentic AI)."
"What is the overall purpose of Digital Joe's services, and what are its three main categories?","The overall purpose of Digital Joe's services is to help people succeed, save time, and build confidence in AI, Data, and Computer Science. Its three main categories are 01 Tutoring (GCSE CS Mentoring, Data & AI Mentoring, Group Training, Associate Trainer), 02 Smart Dashboards (Power BI Dashboard Build), and 03 Tailored AI Tools (AI Automation Workspace Setup & Training, Custom AI Knowledge Assistant, Agentic AI)."
What specific movie inspired Timur Rahman's early passion for technology?,"The movie WarGames specifically inspired Timur Rahman's early passion for technology, leading him to code on a ZX Spectrum 48k."
What is the exact duration of Timur Rahman's real-world experience in teaching Computer Science?,Timur Rahman has over two decades (20+ years) of real-world experience teaching Computer Science.
What specific platforms did Joe provide staff training on for whole school digital transformation at Oulder Hill?,Joe provided staff training on platforms like Microsoft 365 for whole school digital transformation at Oulder Hill.
What was a key consideration Joe took into account regarding unwanted queries when implementing The Sunday Therapist's chatbot?,Joe considered how to handle unwanted queries without creating potential legal concerns for The Sunday Therapist's company.
What is Timur Rahman's trading name under which Digital Joe operates?,"Timur Rahman's trading name under which Digital Joe operates is ""Timur Rahman trading as Digital Joe""."
"What is the main purpose of the ""Legal Notice"" page on the Digital Joe website?","The main purpose of the ""Legal Notice"" page is to provide official company information, contact details, regulatory authority, and image rights."
In what format is the effective date of Digital Joe's Privacy Policy presented?,"The effective date of Digital Joe's Privacy Policy is presented as ""7 September 2026""."
"How does Digital Joe define ""personal information"" in the context of its Privacy Policy?","Digital Joe defines ""personal information"" as the categories of data it may collect and process, including Contact Information, Service & Project Data, and Technical Data."
What is the legal basis for processing personal data when a user explicitly submits a message via Digital Joe's contact form?,"The legal basis for processing personal data when a user explicitly submits a message via Digital Joe's contact form is Consent, according to UK GDPR."
What is the legal basis for processing personal data when Digital Joe needs to deliver agreed services or take steps prior to entering into a contract?,"The legal basis for processing personal data in these situations is Contractual Necessity, according to UK GDPR."
What is the legal basis for processing personal data to manage and grow Digital Joe's business efficiently?,"The legal basis for processing personal data to manage and grow Digital Joe's business efficiently is Legitimate Interests, according to UK GDPR."
Under what circumstances might Digital Joe disclose personal information if not for business operations?,Digital Joe may disclose personal information if required to do so by law or to respond to valid legal processes.
What is the stated purpose of Digital Joe's robust administrative and technical security measures?,"The stated purpose of Digital Joe's robust administrative and technical security measures is to protect personal information against unauthorised access, alteration, disclosure, or destruction."
"What is the ""Right of Access"" under UK GDPR regarding personal information held by Digital Joe?","The ""Right of Access"" allows individuals to request a copy of the personal data held about them."
"What is the ""Right to Rectification"" under UK GDPR regarding personal information held by Digital Joe?","The ""Right to Rectification"" allows individuals to request correction of inaccurate or incomplete data."
"What is the ""Right to Erasure"" under UK GDPR regarding personal information held by Digital Joe?","The ""Right to Erasure"" allows individuals to request the deletion of their personal data (""right to be forgotten"")."
"What is the ""Right to Restrict or Object"" under UK GDPR regarding personal information held by Digital Joe?","The ""Right to Restrict or Object"" allows individuals to object to or restrict certain processing activities."
What is the contact email address for Timur (Joe) Rahman for data protection rights inquiries?,The contact email address for Timur (Joe) Rahman for data protection rights inquiries is t.rahman@digitaljoe.io.
What is the URL for the Information Commissioner's Office (ICO) website?,The URL for the Information Commissioner's Office (ICO) website is https://ico.org.uk.
What is Digital Joe's primary approach to helping businesses and learners?,"Digital Joe helps businesses and learners make sense of their numbers and automate routine tasks by demystifying technology, building tailored solutions, and coaching them every step of the way, without confusing tech speak."
"What is the ""Jargon Buster"" section on Digital Joe's website for?","The ""Jargon Buster"" section on Digital Joe's website is designed to help users understand complex technical terms like Power BI, Machine Learning, and Artificial Intelligence by providing simple, clear explanations."
"What is the purpose of the ""Information icon"" and ""Cookie icon"" banners on the Digital Joe website?","The ""Information icon"" banner indicates the need for consent to load translations from a third-party service that may collect data. The ""Cookie icon"" banner informs users that the site uses third-party website tracking technologies to improve services and display advertisements, requiring user consent which can be revoked or changed."
What is the official email address for general contact with Digital Joe?,The official email address for general contact with Digital Joe is t.rahman@digitaljoe.io.
What is Timur Rahman's trading name under which Digital Joe operates?,Digital Joe is operated by Timur Rahman trading as Digital Joe.
"What is the main purpose of the ""Legal Notice"" page on the Digital Joe website?","The ""Legal Notice"" page on the Digital Joe website provides company information such as the name of the company (Digital Joe, operated by Timur Rahman trading as Digital Joe), registered office address, contact email, and regulatory authority (Information Commissioner's Office)."
In what format is the effective date of Digital Joe's Privacy Policy presented?,"The effective date of Digital Joe's Privacy Policy is presented in the format ""7 September 2026""."
"How does Digital Joe define ""personal information"" in the context of its Privacy Policy?","In the context of its Privacy Policy, Digital Joe defines ""personal information"" as Contact Information (name, email, phone, message details), Service & Project Data (educational context, business documentation, data dashboard requirements), and Technical Data (IP addresses, browser types, site usage analytics)."
What is the legal basis for processing personal data when a user explicitly submits a message via Digital Joe's contact form?,"When a user explicitly submits a message via Digital Joe's contact form, the legal basis for processing personal data is Consent, according to Art. 6(1)(a) of the GDPR."
What is the legal basis for processing personal data when Digital Joe needs to deliver agreed services or take steps prior to entering into a contract?,The legal basis for processing personal data when Digital Joe needs to deliver agreed services or take steps prior to entering into a contract is Contractual Necessity.
What is the legal basis for processing personal data to manage and grow Digital Joe's business efficiently?,"The legal basis for processing personal data to manage and grow Digital Joe's business efficiently is Legitimate Interests, ensuring user rights and privacy are protected."
Under what circumstances might Digital Joe disclose personal information if not for business operations?,Digital Joe may disclose personal information if required to do so by law or to respond to valid legal processes.
What is the stated purpose of Digital Joe's robust administrative and technical security measures?,"The stated purpose of Digital Joe's robust administrative and technical security measures is to protect personal information against unauthorised access, alteration, disclosure, or destruction."
"What is the ""Right of Access"" under UK GDPR regarding personal information held by Digital Joe?","Under UK GDPR, the ""Right of Access"" allows individuals to request a copy of the personal data held about them by Digital Joe."
"What is the ""Right to Rectification"" under UK GDPR regarding personal information held by Digital Joe?","Under UK GDPR, the ""Right to Rectification"" allows individuals to request the correction of inaccurate or incomplete personal data held by Digital Joe."
"What is the ""Right to Erasure"" under UK GDPR regarding personal information held by Digital Joe?","Under UK GDPR, the ""Right to Erasure"" allows individuals to request the deletion of their personal data, also known as the ""right to be forgotten,"" from Digital Joe."
"What is the ""Right to Restrict or Object"" under UK GDPR regarding personal information held by Digital Joe?","Under UK GDPR, the ""Right to Restrict or Object"" allows individuals to object to or restrict certain processing activities of their personal data by Digital Joe."
"What is the ""Right to Data Portability"" under UK GDPR regarding personal information held by Digital Joe?","Under UK GDPR, the ""Right to Data Portability"" allows individuals to request the transfer of their personal data to another service provider."
What is the contact email address for Timur (Joe) Rahman for data protection rights inquiries?,The contact email address for Timur (Joe) Rahman for data protection rights inquiries is t.rahman@digitaljoe.io.
What is the URL for the Information Commissioner's Office (ICO) website?,"The URL for the Information Commissioner's Office (ICO) website, where individuals can lodge complaints, is https://ico.org.uk."
